City_ID,City,Country,Lat,Lng,Max Temp,Humidity,Cloudiness,Wind Speed,Current Description,Date
0,Victoria,HK,22.2855,114.1577,75.33,76,99,1.01,overcast clouds,2021-10-25 23:16:05
1,Atuona,PF,-9.8,-139.0333,77.5,75,25,16.04,light rain,2021-10-25 23:10:59
2,Bireun,ID,5.203,96.7009,77.29,83,85,2.84,overcast clouds,2021-10-25 23:16:31
3,Auki,SB,-8.7676,160.7034,85.84,63,47,4.45,moderate rain,2021-10-25 23:16:31
4,Bengkulu,ID,-3.8004,102.2655,74.34,89,100,3.04,overcast clouds,2021-10-25 23:11:39
5,Harper,LR,4.375,-7.7169,77.85,80,100,9.04,overcast clouds,2021-10-25 23:15:51
6,Hilo,US,19.7297,-155.09,89.28,73,40,12.66,scattered clouds,2021-10-25 23:11:05
7,San Patricio,US,28.017,-97.5169,88.52,63,94,12.3,overcast clouds,2021-10-25 23:16:29
8,Ushuaia,AR,-54.8,-68.3,33.21,86,64,3.69,broken clouds,2021-10-25 23:08:13
9,Georgetown,MY,5.4112,100.3354,80.53,88,20,2.3,few clouds,2021-10-25 23:08:27
10,Mahebourg,MU,-20.4081,57.7,70.25,72,19,17.36,few clouds,2021-10-25 23:10:49
11,Timbiqui,CO,2.7717,-77.6654,75.87,92,91,3.36,light rain,2021-10-25 23:15:23
12,Iqaluit,CA,63.7506,-68.5145,31.69,83,62,5.99,broken clouds,2021-10-25 23:06:20
13,Mataura,NZ,-46.1927,168.8643,66.04,64,88,1.3,overcast clouds,2021-10-25 23:10:36
14,Punta Arenas,CL,-53.15,-70.9167,41.11,70,40,9.22,scattered clouds,2021-10-25 23:06:35
15,Arbazh,RU,57.6804,48.3065,30.74,80,100,11.92,snow,2021-10-25 23:16:33
16,Geraldton,AU,-28.7667,114.6,54.12,94,75,6.91,broken clouds,2021-10-25 23:11:20
17,Rikitea,PF,-23.1203,-134.9692,75.31,72,78,20.11,broken clouds,2021-10-25 23:10:37
18,Ixtapa,MX,20.7,-105.2,85.23,74,75,6.91,broken clouds,2021-10-25 23:06:28
19,Albany,US,42.6001,-73.9662,59.16,91,100,3.49,overcast clouds,2021-10-25 23:05:47
20,Makakilo City,US,21.3469,-158.0858,84.52,54,75,9.22,broken clouds,2021-10-25 23:16:34
21,Saint-Georges,GD,12.0564,-61.7485,80.89,78,70,19.71,broken clouds,2021-10-25 23:08:39
22,Tiksi,RU,71.6872,128.8694,2.01,96,98,4.85,overcast clouds,2021-10-25 23:10:59
23,Vaini,TO,-21.2,-175.2,80.76,74,20,11.5,few clouds,2021-10-25 23:11:05
24,Yar-Sale,RU,66.8333,70.8333,18.1,92,91,4.36,overcast clouds,2021-10-25 23:16:04
25,Leningradskiy,RU,69.3833,178.4167,9.05,94,100,16.02,overcast clouds,2021-10-25 23:11:21
26,Goderich,CA,43.7501,-81.7165,43.92,89,100,23.38,overcast clouds,2021-10-25 23:13:51
27,Narsaq,GL,60.9167,-46.05,39.42,46,23,7.92,few clouds,2021-10-25 23:12:28
28,Dwarka,IN,22.2394,68.9678,77.59,59,0,8.3,clear sky,2021-10-25 23:16:36
29,Upernavik,GL,72.7868,-56.1549,15.26,60,13,5.82,few clouds,2021-10-25 23:10:54
30,Barrow,US,71.2906,-156.7887,26.62,86,90,14.97,mist,2021-10-25 23:11:41
31,Bluff,NZ,-46.6,168.3333,54.72,86,76,7.34,broken clouds,2021-10-25 23:10:33
32,Diamantino,BR,-14.4086,-56.4461,75.6,76,100,1.81,overcast clouds,2021-10-25 23:16:37
33,Dali,CN,25.7,100.1833,51.89,94,15,3.58,few clouds,2021-10-25 23:11:29
34,Bambous Virieux,MU,-20.3428,57.7575,70.21,72,20,17.0,few clouds,2021-10-25 23:11:33
35,Lebu,CL,-37.6167,-73.65,53.37,90,6,12.53,clear sky,2021-10-25 23:11:21
36,Dikson,RU,73.5069,80.5464,13.8,83,100,16.49,overcast clouds,2021-10-25 23:10:41
37,Qaanaaq,GL,77.484,-69.3632,3.11,60,62,14.47,broken clouds,2021-10-25 23:10:57
38,Tarko-Sale,RU,64.9225,77.785,22.59,89,93,8.16,overcast clouds,2021-10-25 23:16:38
39,The Valley,AI,18.217,-63.0578,82.54,74,20,11.5,few clouds,2021-10-25 23:15:53
40,Port Alfred,ZA,-33.5906,26.891,63.16,82,25,13.31,scattered clouds,2021-10-25 23:10:39
41,Pathein,MM,16.7833,94.7333,73.31,95,41,3.94,scattered clouds,2021-10-25 23:15:34
42,Bethel,US,41.3712,-73.414,68.0,87,90,4.61,overcast clouds,2021-10-25 23:12:32
43,Luderitz,NA,-26.6481,15.1594,57.0,90,3,5.66,clear sky,2021-10-25 23:16:39
44,Saint-Francois,FR,46.4154,3.9054,50.68,100,90,0.0,overcast clouds,2021-10-25 23:16:40
45,Port Blair,IN,11.6667,92.75,80.19,82,93,7.11,overcast clouds,2021-10-25 23:10:19
46,Hobart,AU,-42.8794,147.3294,55.02,62,75,1.99,broken clouds,2021-10-25 23:08:05
47,Seoul,KR,37.5683,126.9778,51.24,93,91,2.3,overcast clouds,2021-10-25 23:16:40
48,Provideniya,RU,64.3833,-173.3,21.31,58,75,6.71,broken clouds,2021-10-25 23:10:52
49,Tuktoyaktuk,CA,69.4541,-133.0374,29.57,97,100,6.87,overcast clouds,2021-10-25 23:10:46
50,Chokurdakh,RU,70.6333,147.9167,-23.4,100,91,1.77,overcast clouds,2021-10-25 23:11:46
51,Busselton,AU,-33.65,115.3333,49.95,78,98,2.19,light rain,2021-10-25 23:06:02
52,Nagua,DO,19.3832,-69.8474,82.45,83,40,0.0,scattered clouds,2021-10-25 23:16:42
53,Asau,RO,46.4333,26.4,33.76,68,0,2.48,clear sky,2021-10-25 23:06:35
54,Saldanha,ZA,-33.0117,17.9442,62.06,71,64,10.76,broken clouds,2021-10-25 23:10:38
55,Diplo,PK,24.4667,69.584,77.38,43,0,7.63,clear sky,2021-10-25 23:16:42
56,Muli,MV,2.9167,73.5667,82.35,77,100,17.74,moderate rain,2021-10-25 23:16:43
57,Atikokan,CA,48.7555,-91.6216,37.24,67,6,5.08,clear sky,2021-10-25 23:16:44
58,Yellowknife,CA,62.456,-114.3525,42.42,94,90,9.22,overcast clouds,2021-10-25 23:07:34
59,Kahului,US,20.8947,-156.47,84.22,69,20,25.32,few clouds,2021-10-25 23:16:24
60,Christchurch,NZ,-43.5333,172.6333,69.03,74,90,1.01,overcast clouds,2021-10-25 23:13:14
61,Tasiilaq,GL,65.6145,-37.6368,33.96,81,100,6.17,overcast clouds,2021-10-25 23:10:26
62,Jinchang,CN,38.4953,102.1739,42.51,64,97,2.84,overcast clouds,2021-10-25 23:16:45
63,Mar Del Plata,AR,-38.0023,-57.5575,59.02,62,0,4.0,clear sky,2021-10-25 23:11:36
64,Cape Town,ZA,-33.9258,18.4232,63.09,60,55,4.0,broken clouds,2021-10-25 23:09:12
65,Thompson,CA,55.7435,-97.8558,37.45,69,75,8.03,broken clouds,2021-10-25 23:10:56
66,Adoni,IN,15.6333,77.2833,69.57,76,2,6.71,clear sky,2021-10-25 23:16:46
67,Mareeba,AU,-17.0,145.4333,81.48,74,43,5.88,scattered clouds,2021-10-25 23:16:47
68,Chuy,UY,-33.6971,-53.4616,62.92,76,0,6.33,clear sky,2021-10-25 23:11:03
69,Jamestown,US,42.097,-79.2353,59.02,91,75,3.0,broken clouds,2021-10-25 23:06:27
70,Kavaratti,IN,10.5669,72.642,82.4,73,55,14.45,broken clouds,2021-10-25 23:10:41
71,Mnogovershinnyy,RU,53.9353,139.9242,34.21,81,48,3.58,scattered clouds,2021-10-25 23:16:47
72,Syracuse,IT,37.0881,15.2792,66.25,83,94,14.56,light rain,2021-10-25 23:16:48
73,Hasaki,JP,35.7333,140.8333,57.6,90,100,33.38,overcast clouds,2021-10-25 23:06:10
74,Avarua,CK,-21.2078,-159.775,77.05,61,75,14.97,broken clouds,2021-10-25 23:11:06
75,Khandyga,RU,62.6667,135.6,21.04,98,99,2.66,overcast clouds,2021-10-25 23:16:49
76,Kodiak,US,57.79,-152.4072,44.11,76,90,10.36,light rain,2021-10-25 23:11:00
77,Tautira,PF,-17.7333,-149.15,82.42,77,89,4.07,light rain,2021-10-25 23:11:30
78,Padang,ID,-0.9492,100.3543,75.25,87,91,3.04,overcast clouds,2021-10-25 23:11:28
79,Darhan,MN,49.4867,105.9228,32.54,78,8,8.34,clear sky,2021-10-25 23:15:38
80,Naryan-Mar,RU,67.6713,53.087,22.48,84,35,10.89,scattered clouds,2021-10-25 23:12:48
81,Bodmin,GB,50.4715,-4.7243,55.08,82,20,9.22,few clouds,2021-10-25 23:16:50
82,Lorengau,PG,-2.0226,147.2712,84.52,67,41,5.12,scattered clouds,2021-10-25 23:11:00
83,Debno,PL,52.739,14.698,43.14,82,100,6.04,overcast clouds,2021-10-25 23:16:51
84,Chapais,CA,49.7834,-74.8492,37.18,82,99,5.5,overcast clouds,2021-10-25 23:16:51
85,Castro,BR,-24.7911,-50.0119,59.34,90,58,2.93,broken clouds,2021-10-25 23:11:13
86,Khatanga,RU,71.9667,102.5,5.04,96,100,7.58,overcast clouds,2021-10-25 23:10:37
87,Messina,IT,38.1933,15.5497,64.22,90,75,1.01,broken clouds,2021-10-25 23:13:24
88,Airai,TL,-8.9266,125.4092,67.06,55,68,2.82,broken clouds,2021-10-25 23:16:10
89,San Quintin,MX,30.4833,-115.95,67.3,69,5,15.26,clear sky,2021-10-25 23:10:48
90,Clyde River,CA,70.4692,-68.5914,25.03,74,90,2.3,overcast clouds,2021-10-25 23:16:53
91,Hithadhoo,MV,-0.6,73.0833,83.05,69,79,15.97,broken clouds,2021-10-25 23:11:11
92,Leua,SK,48.2156,18.6071,42.12,65,33,6.8,scattered clouds,2021-10-25 23:16:53
93,Srednekolymsk,RU,67.45,153.6833,-5.6,98,83,4.9,broken clouds,2021-10-25 23:13:33
94,Nizwa,OM,22.9333,57.5333,77.31,47,0,3.15,clear sky,2021-10-25 23:16:54
95,Zhuhai,CN,22.2769,113.5678,75.06,78,20,16.11,few clouds,2021-10-25 23:16:06
96,Puerto Carreno,CO,6.189,-67.4859,83.61,69,98,3.91,light rain,2021-10-25 23:16:54
97,Cidreira,BR,-30.1811,-50.2056,65.43,79,0,8.08,clear sky,2021-10-25 23:11:04
98,Robertsport,LR,6.7533,-11.3686,79.07,83,99,9.28,moderate rain,2021-10-25 23:16:55
99,Ulladulla,AU,-35.35,150.4667,64.76,52,1,4.68,clear sky,2021-10-25 23:16:56
100,Kansanshi,ZM,-12.0951,26.4273,65.07,73,99,1.68,overcast clouds,2021-10-25 23:16:56
101,Tilichiki,RU,60.4667,166.1,30.22,95,100,13.78,light snow,2021-10-25 23:16:56
102,Garden City,US,42.3256,-83.331,49.95,91,90,1.99,overcast clouds,2021-10-25 23:12:52
103,Kapaa,US,22.0752,-159.319,84.18,82,90,5.01,overcast clouds,2021-10-25 23:10:44
104,Hue,VN,16.4667,107.6,71.71,94,75,2.3,mist,2021-10-25 23:16:58
105,Morro Bay,US,35.3658,-120.8499,65.5,76,18,5.99,few clouds,2021-10-25 23:16:58
106,Vila Do Maio,CV,15.1333,-23.2167,79.59,80,94,14.18,overcast clouds,2021-10-25 23:16:58
107,Nanortalik,GL,60.1432,-45.2371,34.47,61,41,7.74,scattered clouds,2021-10-25 23:11:38
108,Edd,ER,13.9297,41.6925,85.84,54,0,16.98,clear sky,2021-10-25 23:16:59
109,Cherskiy,RU,68.75,161.3,-11.36,95,99,2.19,overcast clouds,2021-10-25 23:10:55
110,Vao,NC,-22.6667,167.4833,72.45,69,42,13.4,scattered clouds,2021-10-25 23:11:26
111,Morant Bay,JM,17.8815,-76.4093,82.02,79,62,7.47,broken clouds,2021-10-25 23:17:00
112,Salym,RU,60.0625,71.4789,35.67,98,100,5.35,overcast clouds,2021-10-25 23:17:00
113,Inhambane,MZ,-23.865,35.3833,72.07,80,39,6.58,scattered clouds,2021-10-25 23:17:00
114,Isangel,VU,-19.55,169.2667,80.02,74,16,9.89,few clouds,2021-10-25 23:13:01
115,Semey,KZ,50.4111,80.2275,42.49,48,93,12.64,overcast clouds,2021-10-25 23:17:01
116,Belyy Yar,RU,53.6039,91.3903,46.29,66,0,6.71,clear sky,2021-10-25 23:13:57
117,Fairhope,US,30.523,-87.9033,81.21,66,1,0.0,clear sky,2021-10-25 23:14:38
118,Gondanglegi,ID,-7.7479,112.0132,77.72,77,78,9.08,broken clouds,2021-10-25 23:17:02
119,San Andres,CO,12.5847,-81.7006,84.22,79,20,8.05,few clouds,2021-10-25 23:17:03
120,Lumphat,KH,13.4878,106.9816,69.22,99,88,2.35,moderate rain,2021-10-25 23:17:04
121,Souillac,MU,-20.5167,57.5167,70.36,73,27,16.49,scattered clouds,2021-10-25 23:11:02
122,Butaritari,KI,3.0707,172.7902,81.63,75,7,7.05,clear sky,2021-10-25 23:11:01
123,Sitka,US,57.0531,-135.33,48.09,71,75,0.0,broken clouds,2021-10-25 23:07:01
124,Dharchula,IN,29.85,80.5333,53.83,42,0,7.56,clear sky,2021-10-25 23:17:05
125,Jijiga,ET,9.35,42.8,65.43,59,21,4.12,few clouds,2021-10-25 23:17:05
126,Hermanus,ZA,-34.4187,19.2345,61.9,85,50,14.7,scattered clouds,2021-10-25 23:06:41
127,Guerrero Negro,MX,27.9769,-114.0611,70.02,65,17,16.98,few clouds,2021-10-25 23:16:10
128,Antalaha,MG,-14.9003,50.2788,71.4,84,24,5.23,few clouds,2021-10-25 23:12:36
129,New Norfolk,AU,-42.7826,147.0587,54.66,45,21,1.66,few clouds,2021-10-25 23:06:24
130,Pevek,RU,69.7008,170.3133,-0.83,95,100,4.47,overcast clouds,2021-10-25 23:16:03
131,Medvedka,RU,61.1629,46.387,29.28,95,100,6.17,snow,2021-10-25 23:17:07
132,Arraial Do Cabo,BR,-22.9661,-42.0278,69.82,86,100,12.19,overcast clouds,2021-10-25 23:06:14
133,Manjeshwar,IN,12.7194,74.8861,76.15,89,64,4.52,broken clouds,2021-10-25 23:17:07
134,Chanute,US,37.6792,-95.4572,60.08,72,1,5.75,clear sky,2021-10-25 23:17:08
135,Katsuura,JP,35.1333,140.3,57.22,94,100,33.73,overcast clouds,2021-10-25 23:14:22
136,Fredericksburg,US,38.3032,-77.4605,68.61,86,90,0.0,overcast clouds,2021-10-25 23:15:42
137,El Real De Santa Maria,PA,8.109,-77.7325,76.51,96,98,0.72,overcast clouds,2021-10-25 23:17:08
138,Port Elizabeth,ZA,-33.918,25.5701,64.09,87,0,11.45,clear sky,2021-10-25 23:10:34
139,Shimorskoye,RU,55.3244,42.0267,31.51,70,73,11.54,broken clouds,2021-10-25 23:17:09
140,Dobryanka,RU,58.4619,56.4165,28.26,85,69,7.52,broken clouds,2021-10-25 23:17:10
141,Tolga,DZ,34.7222,5.3785,70.61,50,45,8.19,scattered clouds,2021-10-25 23:17:10
142,Urumqi,CN,43.801,87.6005,32.95,64,0,4.47,clear sky,2021-10-25 23:14:03
143,Puerto Ayora,EC,-0.7393,-90.3518,68.56,92,58,5.01,broken clouds,2021-10-25 23:10:17
144,Kyzyl-Suu,KG,42.3414,78.0056,36.46,38,0,8.03,clear sky,2021-10-25 23:17:11
145,East London,ZA,-33.0153,27.9116,64.26,82,92,12.91,light rain,2021-10-25 23:11:32
146,Perth,AU,-31.9333,115.8333,52.79,97,75,6.91,broken clouds,2021-10-25 23:15:20
147,Misratah,LY,32.3754,15.0925,72.28,65,0,10.04,clear sky,2021-10-25 23:17:12
148,Porto Walter,BR,-8.2686,-72.7439,72.43,79,100,3.6,overcast clouds,2021-10-25 23:17:12
149,San Policarpo,PH,12.1791,125.5072,80.92,80,99,9.64,light rain,2021-10-25 23:14:56
150,Poum,NC,-20.2333,164.0167,76.48,68,17,14.61,few clouds,2021-10-25 23:15:49
151,Grindavik,IS,63.8424,-22.4338,37.87,87,75,3.44,broken clouds,2021-10-25 23:14:01
152,San Antonio,US,29.4241,-98.4936,90.05,69,1,10.36,clear sky,2021-10-25 23:14:19
153,Cabo San Lucas,MX,22.8909,-109.9124,87.62,57,1,12.66,clear sky,2021-10-25 23:11:48
154,North Myrtle Beach,US,33.816,-78.68,73.69,89,20,3.0,few clouds,2021-10-25 23:17:14
155,Portland,US,45.5234,-122.6762,54.84,88,90,4.0,light rain,2021-10-25 23:12:23
156,Nikolskoye,RU,59.7035,30.7861,45.39,88,99,9.57,overcast clouds,2021-10-25 23:11:40
157,Faanui,PF,-16.4833,-151.75,75.13,89,98,7.94,moderate rain,2021-10-25 23:11:02
158,Shimoda,JP,34.6667,138.95,60.1,80,100,11.27,overcast clouds,2021-10-25 23:12:48
159,Fairbanks,US,64.8378,-147.7164,31.1,91,90,0.0,overcast clouds,2021-10-25 23:12:56
160,Nerja,ES,36.7585,-3.8873,67.23,76,100,5.21,overcast clouds,2021-10-25 23:17:15
161,Ponta Delgada,PT,37.7333,-25.6667,68.72,73,20,5.75,few clouds,2021-10-25 23:13:47
162,Karema,TZ,-6.8205,30.4389,77.29,70,97,5.59,overcast clouds,2021-10-25 23:17:16
163,Komsomolskiy,UZ,40.4272,71.7189,45.82,49,8,6.91,clear sky,2021-10-25 23:17:16
164,Eatonton,US,33.3268,-83.3885,75.38,82,65,7.47,broken clouds,2021-10-25 23:17:16
165,Moyo,UG,3.6609,31.7247,66.11,86,99,3.11,light rain,2021-10-25 23:17:17
166,Nicoya,CR,10.1483,-85.452,78.35,90,75,1.81,broken clouds,2021-10-25 23:17:17
167,Yulara,AU,-25.2406,130.9889,82.49,43,1,15.1,clear sky,2021-10-25 23:12:54
168,Nikolayevka,RU,53.1257,47.2041,28.02,79,70,5.41,broken clouds,2021-10-25 23:17:18
169,Ocean Springs,US,30.4113,-88.8278,82.42,85,1,0.0,clear sky,2021-10-25 23:17:18
170,Sosnogorsk,RU,63.6023,53.8817,24.13,88,79,3.38,broken clouds,2021-10-25 23:17:19
171,Guiyang,CN,26.5833,106.7167,54.09,87,90,2.24,overcast clouds,2021-10-25 23:17:19
172,Burgersdorp,ZA,-30.9977,26.3286,52.88,78,9,1.88,clear sky,2021-10-25 23:17:20
173,Kaele,CM,10.1092,14.4508,82.29,52,30,6.11,scattered clouds,2021-10-25 23:17:20
174,Sur,OM,22.5667,59.5289,80.02,66,0,7.45,clear sky,2021-10-25 23:17:21
175,Ndele,CF,8.4109,20.6473,74.5,87,93,1.45,overcast clouds,2021-10-25 23:17:22
176,Sioux Lookout,CA,50.1001,-91.917,39.58,81,40,4.61,scattered clouds,2021-10-25 23:17:22
177,Gejiu,CN,23.306,103.1635,50.5,96,88,2.93,overcast clouds,2021-10-25 23:17:22
178,Mehamn,NO,71.0357,27.8492,32.65,85,86,26.06,light snow,2021-10-25 23:15:58
179,Vestmannaeyjar,IS,63.4427,-20.2734,41.7,79,100,3.65,overcast clouds,2021-10-25 23:13:20
180,Karratha,AU,-20.7377,116.8463,76.17,40,3,14.27,clear sky,2021-10-25 23:16:37
181,Svrljig,RS,43.4133,22.1211,44.22,80,0,5.64,clear sky,2021-10-25 23:17:24
182,Gagatli,RU,42.8013,46.2916,25.09,86,100,4.43,light snow,2021-10-25 23:17:24
183,Quatre Cocos,MU,-20.2078,57.7625,71.71,73,23,16.69,few clouds,2021-10-25 23:17:25
184,Kropotkin,RU,45.4375,40.5756,39.49,76,23,6.11,few clouds,2021-10-25 23:17:25
185,Mackay,AU,-21.15,149.2,80.69,65,94,9.53,overcast clouds,2021-10-25 23:11:53
186,Mariental,NA,-24.6333,17.9667,69.48,22,0,3.42,clear sky,2021-10-25 23:17:25
187,Saint-Philippe,RE,-21.3585,55.7679,71.19,82,41,12.84,scattered clouds,2021-10-25 23:11:51
188,Oistins,BB,13.0667,-59.5333,82.49,74,40,21.85,scattered clouds,2021-10-25 23:17:26
189,Aksu,CN,41.1231,80.2644,45.27,46,6,1.19,clear sky,2021-10-25 23:13:26
190,Feijo,BR,-8.1642,-70.3536,71.31,89,99,3.33,overcast clouds,2021-10-25 23:17:27
191,Ilhabela,BR,-23.7781,-45.3581,68.07,89,98,9.73,overcast clouds,2021-10-25 23:17:27
192,Rodionovo-Nesvetayskaya,RU,47.6103,39.7121,27.12,52,42,5.44,scattered clouds,2021-10-25 23:17:27
193,Srostki,RU,52.4189,85.7022,41.41,64,41,4.88,scattered clouds,2021-10-25 23:17:28
194,Ostrovnoy,RU,68.0531,39.5131,20.75,95,68,6.11,broken clouds,2021-10-25 23:14:38
195,Taikang,CN,46.8333,124.4167,41.86,59,58,7.78,broken clouds,2021-10-25 23:17:28
196,Talnakh,RU,69.4865,88.3972,15.91,95,100,6.33,light snow,2021-10-25 23:16:31
197,Fortuna,US,40.5982,-124.1573,61.93,64,75,1.01,broken clouds,2021-10-25 23:12:27
198,Severo-Kurilsk,RU,50.6789,156.125,45.25,68,3,11.01,clear sky,2021-10-25 23:16:05
199,Lithakia,GR,37.7167,20.8333,61.59,70,98,11.92,overcast clouds,2021-10-25 23:17:29
200,Shemordan,RU,56.1856,50.3972,26.38,85,78,8.41,broken clouds,2021-10-25 23:17:30
201,Asyut,EG,27.181,31.1837,68.94,51,0,8.75,clear sky,2021-10-25 23:17:31
202,Ca Mau,VN,9.1769,105.15,76.06,93,98,4.43,overcast clouds,2021-10-25 23:14:41
203,Mazagao,BR,-0.115,-51.2894,87.85,72,49,6.35,scattered clouds,2021-10-25 23:17:32
204,Comodoro Rivadavia,AR,-45.8667,-67.5,60.66,33,0,27.63,clear sky,2021-10-25 23:11:42
205,Bath,GB,51.3779,-2.3591,54.09,93,71,6.22,broken clouds,2021-10-25 23:13:34
206,Esperance,AU,-33.8667,121.9,53.44,64,63,5.1,broken clouds,2021-10-25 23:16:14
207,Takoradi,GH,4.8845,-1.7554,77.65,89,81,10.04,light rain,2021-10-25 23:17:32
208,Amurzet,RU,47.6967,131.0981,42.03,75,88,5.19,overcast clouds,2021-10-25 23:17:33
209,Lazaro Cardenas,MX,17.9583,-102.2,76.48,91,100,6.78,overcast clouds,2021-10-25 23:17:33
210,Kiruna,SE,67.8557,20.2251,22.12,100,90,0.0,snow,2021-10-25 23:13:34
211,Acapulco,MX,16.8634,-99.8901,82.22,83,90,0.0,overcast clouds,2021-10-25 23:13:43
212,Beringovskiy,RU,63.05,179.3167,13.96,72,100,5.03,overcast clouds,2021-10-25 23:11:16
213,Changchun,CN,43.88,125.3228,48.16,78,99,9.22,overcast clouds,2021-10-25 23:17:34
214,Zhigansk,RU,66.7697,123.3711,22.86,96,100,11.72,light snow,2021-10-25 23:17:35
215,Bredasdorp,ZA,-34.5322,20.0403,57.92,90,34,11.01,scattered clouds,2021-10-25 23:11:40
216,Ancud,CL,-41.8697,-73.8203,52.43,95,100,14.67,light rain,2021-10-25 23:17:35
217,Kalanguy,RU,51.0167,116.5167,26.44,90,7,3.31,clear sky,2021-10-25 23:17:36
218,Margate,GB,51.3813,1.3862,51.51,89,61,1.01,broken clouds,2021-10-25 23:12:55
219,Zharkent,KZ,44.1628,80.0,45.63,48,0,4.16,clear sky,2021-10-25 23:15:21
220,Canico,PT,32.6333,-16.85,70.43,84,75,16.11,broken clouds,2021-10-25 23:17:36
221,Shenjiamen,CN,29.9576,122.298,64.49,65,70,3.83,broken clouds,2021-10-25 23:17:37
222,Port Hardy,CA,50.6996,-127.4199,51.8,86,99,25.93,light rain,2021-10-25 23:14:44
223,Cabedelo,BR,-6.9811,-34.8339,81.27,69,71,15.99,broken clouds,2021-10-25 23:11:15
224,Sangar,RU,63.9242,127.4739,21.43,96,100,5.44,light snow,2021-10-25 23:17:37
225,Ribeira Grande,PT,38.5167,-28.7,68.38,77,52,19.51,broken clouds,2021-10-25 23:10:30
226,Niquero,CU,20.0431,-77.5828,81.54,78,69,0.47,broken clouds,2021-10-25 23:17:38
227,Batagay-Alyta,RU,67.8006,130.4114,2.08,90,100,2.91,overcast clouds,2021-10-25 23:14:23
228,Saskylakh,RU,71.9167,114.0833,-1.39,97,100,2.73,overcast clouds,2021-10-25 23:10:47
229,Ponta Do Sol,PT,32.6667,-17.1,70.43,71,43,6.04,scattered clouds,2021-10-25 23:11:31
230,Gilbues,BR,-9.8317,-45.3439,81.93,58,75,6.2,broken clouds,2021-10-25 23:17:39
231,Tessalit,ML,20.1986,1.0114,85.86,19,80,8.77,broken clouds,2021-10-25 23:17:39
232,Caravelas,BR,-17.7125,-39.2481,75.06,94,100,3.31,overcast clouds,2021-10-25 23:16:28
233,Bangassou,CF,4.7413,22.8184,71.51,93,81,0.85,broken clouds,2021-10-25 23:17:40
234,Vila,PT,42.0304,-8.1588,49.93,89,1,3.62,clear sky,2021-10-25 23:17:40
235,Princeton,US,25.5384,-80.4089,84.22,84,20,5.75,few clouds,2021-10-25 23:15:20
236,Melbu,NO,68.5044,14.8297,43.32,94,100,6.13,overcast clouds,2021-10-25 23:17:41
237,Aklavik,CA,68.2191,-135.0107,25.47,95,97,1.54,overcast clouds,2021-10-25 23:11:24
238,Kasongo-Lunda,CD,-6.4667,16.8167,69.19,99,90,1.5,overcast clouds,2021-10-25 23:17:41
239,Alyangula,AU,-13.8483,136.4192,83.23,65,58,5.01,broken clouds,2021-10-25 23:17:42
240,Nokaneng,BW,-19.6667,22.2667,76.46,49,87,3.98,overcast clouds,2021-10-25 23:17:42
241,Najran,SA,17.4924,44.1277,63.25,19,13,0.49,few clouds,2021-10-25 23:17:43
242,Llanes,ES,43.4198,-4.7549,55.87,80,22,3.53,few clouds,2021-10-25 23:17:43
243,Washougal,US,45.5826,-122.3534,54.93,89,90,7.0,overcast clouds,2021-10-25 23:17:43
244,Edosaki,JP,35.95,140.3167,57.45,96,100,5.99,overcast clouds,2021-10-25 23:17:44
245,Kamenka,RU,51.3223,42.7678,28.04,73,18,5.17,few clouds,2021-10-25 23:13:03
246,Ozinki,RU,51.1786,49.6769,33.55,70,41,10.51,scattered clouds,2021-10-25 23:17:45
247,Fort Myers Beach,US,26.452,-81.9481,82.99,89,75,12.66,broken clouds,2021-10-25 23:17:37
248,Vieste,IT,41.8825,16.175,62.26,71,87,7.14,overcast clouds,2021-10-25 23:17:45
249,Mayo,US,38.8876,-76.5119,68.02,92,75,1.01,light rain,2021-10-25 23:16:14
250,Te Anau,NZ,-45.4167,167.7167,61.9,74,62,3.44,broken clouds,2021-10-25 23:12:27
251,Taltal,CL,-25.4,-70.4833,60.48,76,23,3.56,few clouds,2021-10-25 23:17:46
252,Ostersund,SE,63.1792,14.6357,37.62,100,94,2.3,fog,2021-10-25 23:17:46
253,Longyearbyen,SJ,78.2186,15.6401,19.24,63,0,18.41,clear sky,2021-10-25 23:16:11
254,La Asuncion,VE,11.0333,-63.8628,79.52,84,99,16.53,overcast clouds,2021-10-25 23:17:47
255,Surt,LY,31.2089,16.5887,72.28,70,4,6.15,clear sky,2021-10-25 23:17:47
256,Port Lincoln,AU,-34.7333,135.8667,66.88,44,100,18.72,overcast clouds,2021-10-25 23:14:45
257,Vestmanna,FO,62.1564,-7.1664,41.92,100,90,2.3,overcast clouds,2021-10-25 23:15:48
258,Arlit,NE,18.7369,7.3853,83.68,12,0,4.05,clear sky,2021-10-25 23:17:48
259,Lavrentiya,RU,65.5833,-171.0,17.94,76,100,9.55,overcast clouds,2021-10-25 23:13:07
260,Ishigaki,JP,24.3448,124.1572,75.33,73,75,18.41,broken clouds,2021-10-25 23:17:49
261,Pontianak,ID,-0.0333,109.3333,78.78,94,40,3.44,scattered clouds,2021-10-25 23:17:49
262,Biak,ID,-0.9131,122.8766,79.14,79,95,1.03,overcast clouds,2021-10-25 23:10:32
263,Kanniyakumari,IN,8.0833,77.5667,79.59,80,93,5.44,overcast clouds,2021-10-25 23:17:50
264,Dingle,PH,10.9995,122.6711,78.13,90,88,5.68,overcast clouds,2021-10-25 23:07:28
265,Pisco,PE,-13.7,-76.2167,63.01,77,0,18.41,clear sky,2021-10-25 23:16:01
266,Richmond,US,37.5538,-77.4603,69.42,93,75,1.01,broken clouds,2021-10-25 23:13:12
267,San Cristobal,VE,7.7669,-72.225,75.38,98,89,2.33,overcast clouds,2021-10-25 23:08:49
268,Contai,IN,21.7786,87.7536,72.64,84,0,7.02,clear sky,2021-10-25 23:17:51
269,Cap Malheureux,MU,-19.9842,57.6142,72.09,80,7,4.0,clear sky,2021-10-25 23:17:52
270,Sao Filipe,CV,14.8961,-24.4956,78.94,76,36,9.75,scattered clouds,2021-10-25 23:16:44
271,Svetlaya,RU,46.5389,138.3297,47.5,56,0,4.07,clear sky,2021-10-25 23:16:23
272,Balikpapan,ID,-1.2675,116.8289,76.15,89,83,3.02,broken clouds,2021-10-25 23:17:52
273,San Jose,US,37.3394,-121.895,65.48,55,75,1.99,broken clouds,2021-10-25 23:14:43
274,Chaman,PK,30.9236,66.4512,59.27,21,85,5.17,overcast clouds,2021-10-25 23:17:53
275,Katobu,ID,-4.9408,122.5276,79.66,82,97,3.33,overcast clouds,2021-10-25 23:17:53
276,Mount Isa,AU,-20.7333,139.5,87.57,27,5,6.91,clear sky,2021-10-25 23:16:22
277,Hambantota,LK,6.1241,81.1185,78.58,83,100,10.29,heavy intensity rain,2021-10-25 23:12:13
278,Saint-Joseph,RE,-21.3667,55.6167,70.18,80,30,12.03,scattered clouds,2021-10-25 23:09:36
279,Altagracia De Orituco,VE,9.8601,-66.3814,72.91,94,81,4.18,broken clouds,2021-10-25 23:17:54
280,Sol-Iletsk,RU,51.1631,54.9918,39.83,79,100,13.67,overcast clouds,2021-10-25 23:17:55
281,Bac Lieu,VN,9.285,105.7244,77.31,90,100,6.73,overcast clouds,2021-10-25 23:10:33
282,Denpasar,ID,-8.65,115.2167,78.46,83,20,0.0,few clouds,2021-10-25 23:14:21
283,Mana,GF,5.6592,-53.7767,77.94,87,100,9.08,moderate rain,2021-10-25 23:16:17
284,Pitimbu,BR,-7.4706,-34.8086,81.19,66,62,15.28,broken clouds,2021-10-25 23:17:56
285,Salinopolis,BR,-0.6136,-47.3561,81.48,79,40,12.01,scattered clouds,2021-10-25 23:17:56
286,Vila Velha,BR,-20.3297,-40.2925,73.35,83,75,11.5,broken clouds,2021-10-25 23:12:50
287,Ugoofaaru,MV,5.6667,73.0,81.68,77,92,10.8,heavy intensity rain,2021-10-25 23:17:57
288,Ahipara,NZ,-35.1667,173.1667,68.5,64,25,6.38,scattered clouds,2021-10-25 23:16:08
289,Kiama,AU,-34.6833,150.8667,69.01,58,3,4.14,clear sky,2021-10-25 23:17:57
290,Sayville,US,40.7359,-73.0821,69.75,89,75,3.0,broken clouds,2021-10-25 23:17:58
291,Kandrian,PG,-6.2167,149.55,83.86,72,71,3.0,broken clouds,2021-10-25 23:17:58
292,Wodonga,AU,-36.1167,146.8833,61.05,70,0,5.99,clear sky,2021-10-25 23:17:58
293,Raudeberg,NO,61.9875,5.1352,48.87,93,99,4.0,light rain,2021-10-25 23:17:59
294,Menongue,AO,-14.6585,17.691,69.21,64,97,1.32,overcast clouds,2021-10-25 23:17:59
295,Ilulissat,GL,69.2167,-51.1,10.42,67,0,3.44,clear sky,2021-10-25 23:10:50
296,Husavik,IS,66.0449,-17.3389,28.31,79,73,6.08,broken clouds,2021-10-25 23:15:47
297,Barcelos,PT,41.5388,-8.6151,57.92,86,0,3.83,clear sky,2021-10-25 23:13:47
298,Winslow,US,35.0242,-110.6974,75.38,23,1,8.01,clear sky,2021-10-25 23:16:53
299,Cayenne,GF,4.9333,-52.3333,77.09,90,75,0.0,light rain,2021-10-25 23:14:53
300,Panacan,PH,9.2463,118.4082,81.41,80,88,3.42,overcast clouds,2021-10-25 23:18:01
301,Asfi,MA,32.2994,-9.2372,67.23,89,62,12.12,broken clouds,2021-10-25 23:12:58
302,Pangai,TO,-19.8,-174.35,80.71,57,20,12.66,few clouds,2021-10-25 23:18:02
303,Ust-Kuyga,RU,70.0167,135.6,-0.38,99,100,2.68,overcast clouds,2021-10-25 23:18:03
304,Necochea,AR,-38.5473,-58.7368,55.04,65,18,4.52,few clouds,2021-10-25 23:12:42
305,Itarema,BR,-2.9248,-39.9167,80.15,73,2,17.31,clear sky,2021-10-25 23:12:26
306,Barranca,PE,-10.75,-77.7667,63.41,80,40,8.37,scattered clouds,2021-10-25 23:18:04
307,Villazon,BO,-22.0866,-65.5942,50.81,32,40,14.47,scattered clouds,2021-10-25 23:18:04
308,Vicuna,CL,-30.0319,-70.7081,74.77,51,2,3.62,clear sky,2021-10-25 23:15:41
309,Pudozh,RU,61.8099,36.5345,42.3,97,100,9.75,light rain,2021-10-25 23:18:05
310,Adrar,MR,20.5022,-10.0711,82.65,16,87,14.61,overcast clouds,2021-10-25 23:11:28
311,Port Hedland,AU,-20.3167,118.5667,77.05,78,0,9.22,clear sky,2021-10-25 23:10:51
312,Damietta,EG,31.4165,31.8133,70.59,70,0,5.91,clear sky,2021-10-25 23:18:06
313,Bridlington,GB,54.0831,-0.1919,46.89,83,47,11.3,scattered clouds,2021-10-25 23:18:06
314,Kostyantynivka,UA,48.5277,37.7069,33.17,52,1,1.3,clear sky,2021-10-25 23:18:07
315,Vila Franca Do Campo,PT,37.7167,-25.4333,68.41,79,25,5.5,scattered clouds,2021-10-25 23:09:39
316,Mastic Beach,US,40.7668,-72.8521,68.41,89,90,7.0,overcast clouds,2021-10-25 23:18:08
317,Ringebu,NO,61.5167,10.1667,40.87,98,100,4.45,overcast clouds,2021-10-25 23:18:08
318,Carnarvon,AU,-24.8667,113.6333,66.27,63,75,16.11,broken clouds,2021-10-25 23:16:27
319,Pacific Grove,US,36.6177,-121.9166,65.44,78,1,5.99,clear sky,2021-10-25 23:18:09
320,Lompoc,US,34.6391,-120.4579,66.25,72,40,12.66,scattered clouds,2021-10-25 23:13:31
321,Limbazi,LV,57.5129,24.7194,39.04,76,100,9.69,overcast clouds,2021-10-25 23:18:09
322,Quetta,PK,30.199,67.0097,53.46,50,76,4.45,broken clouds,2021-10-25 23:18:10
323,Thinadhoo,MV,0.5333,72.9333,83.5,71,98,16.31,overcast clouds,2021-10-25 23:18:10
324,Svetlogorsk,BY,52.6333,29.7333,35.08,64,88,9.22,overcast clouds,2021-10-25 23:16:30
325,Katherine,AU,-14.4667,132.2667,86.32,58,37,10.36,scattered clouds,2021-10-25 23:18:11
326,Kombissiri,BF,12.0656,-1.3375,80.58,43,51,7.18,broken clouds,2021-10-25 23:18:11
327,Luanda,AO,-8.8368,13.2343,75.67,76,98,9.31,overcast clouds,2021-10-25 23:13:24
328,Mecca,SA,21.4267,39.8261,79.02,62,1,2.46,clear sky,2021-10-25 23:18:12
329,Kavieng,PG,-2.5744,150.7967,83.64,69,98,3.62,overcast clouds,2021-10-25 23:12:14
330,Kungurtug,RU,50.5994,97.5228,27.01,73,33,1.81,scattered clouds,2021-10-25 23:18:12
331,Spring Hill,US,28.4769,-82.5255,80.82,74,20,6.91,few clouds,2021-10-25 23:16:58
332,Villamontes,BO,-21.25,-63.5,74.93,25,0,2.66,clear sky,2021-10-25 23:18:13
333,Nouadhibou,MR,20.931,-17.0347,69.91,77,100,18.52,overcast clouds,2021-10-25 23:13:44
334,Matay,EG,28.419,30.7792,68.5,62,0,13.22,clear sky,2021-10-25 23:10:35
335,Kerema,PG,-7.9631,145.7785,81.54,79,100,1.14,overcast clouds,2021-10-25 23:18:14
336,Carberry,CA,49.8689,-99.3602,48.43,58,98,16.49,overcast clouds,2021-10-25 23:18:14
337,Aswan,EG,24.0934,32.907,73.62,33,0,11.34,clear sky,2021-10-25 23:15:23
338,Nishihara,JP,26.1842,127.7558,72.68,67,20,5.75,few clouds,2021-10-25 23:14:35
339,Tigil,RU,57.8,158.6667,34.25,94,100,15.17,overcast clouds,2021-10-25 23:18:15
340,Dakar,SN,14.6937,-17.4441,81.48,70,99,13.42,overcast clouds,2021-10-25 23:11:57
341,Nenjiang,CN,49.1833,125.2167,37.9,70,49,4.21,light rain,2021-10-25 23:18:16
342,Cockburn Town,TC,21.4612,-71.1419,82.81,76,22,15.55,few clouds,2021-10-25 23:11:03
343,Shellbrook,CA,53.2168,-106.4011,47.43,56,100,19.42,overcast clouds,2021-10-25 23:18:16
344,Norman Wells,CA,65.282,-126.8329,23.04,93,90,3.44,fog,2021-10-25 23:16:27
345,Ramnagar,IN,29.4,79.1167,61.72,67,0,4.65,clear sky,2021-10-25 23:18:17
346,Tuatapere,NZ,-46.1333,167.6833,58.55,89,87,1.74,overcast clouds,2021-10-25 23:07:02
347,Soissons,FR,49.3333,3.3333,52.41,94,86,6.76,overcast clouds,2021-10-25 23:18:17
348,Manokwari,ID,-0.8667,134.0833,82.67,69,63,6.58,broken clouds,2021-10-25 23:12:53
349,Namibe,AO,-15.1961,12.1522,63.05,82,7,7.43,clear sky,2021-10-25 23:11:11
350,Marzuq,YE,14.4,46.4667,70.25,52,24,2.33,few clouds,2021-10-25 23:18:18
351,Salinas,US,36.6777,-121.6555,65.86,64,75,14.97,broken clouds,2021-10-25 23:18:19
352,Mantua,IT,45.1667,10.7833,51.71,85,93,0.85,overcast clouds,2021-10-25 23:18:19
353,Xinzhou,CN,38.4092,112.7333,48.76,61,100,1.61,overcast clouds,2021-10-25 23:18:20
354,Coquimbo,CL,-29.9533,-71.3436,58.73,88,90,5.75,overcast clouds,2021-10-25 23:12:45
355,Sao Joao Da Barra,BR,-21.6403,-41.0511,71.28,86,99,8.95,overcast clouds,2021-10-25 23:12:09
356,Bonthe,SL,7.5264,-12.505,78.6,85,95,6.33,light rain,2021-10-25 23:11:28
357,Wah,PK,33.798,72.6957,58.01,60,0,3.51,clear sky,2021-10-25 23:18:21
358,Canutama,BR,-6.5339,-64.3831,75.34,96,100,1.88,light rain,2021-10-25 23:18:21
359,Alta Floresta,BR,-9.8756,-56.0861,74.77,83,98,1.9,overcast clouds,2021-10-25 23:14:30
360,Penzance,GB,50.1186,-5.5371,55.76,84,95,14.47,overcast clouds,2021-10-25 23:13:22
361,Sal Rei,CV,16.1833,-22.9167,77.56,79,26,14.63,scattered clouds,2021-10-25 23:13:50
362,Yambio,SS,4.5721,28.3955,65.01,95,100,4.29,overcast clouds,2021-10-25 23:18:22
363,Inuvik,CA,68.3499,-133.7218,25.66,100,90,1.14,overcast clouds,2021-10-25 23:18:23
364,Mustasaari,FI,63.1142,21.6822,46.35,93,90,8.05,overcast clouds,2021-10-25 23:18:23
365,Pandan,PH,14.0453,124.1694,80.11,86,97,10.18,overcast clouds,2021-10-25 23:18:24
366,Ngemplak,ID,-7.5497,110.7164,75.04,79,61,6.71,broken clouds,2021-10-25 23:18:24
367,Buala,SB,-8.145,159.5921,85.01,67,53,8.3,broken clouds,2021-10-25 23:15:56
368,Torbay,CA,47.6666,-52.7314,41.29,80,90,10.36,overcast clouds,2021-10-25 23:11:54
369,Waiouru,NZ,-39.4833,175.6667,64.83,60,58,3.96,broken clouds,2021-10-25 23:18:25
370,Olafsvik,IS,64.8945,-23.7142,35.24,69,54,5.12,broken clouds,2021-10-25 23:12:49
371,Santiago Del Estero,AR,-27.7951,-64.2615,82.8,12,0,9.35,clear sky,2021-10-25 23:14:55
372,Chimbote,PE,-9.0853,-78.5783,64.09,80,39,8.97,scattered clouds,2021-10-25 23:18:26
373,Cairns,AU,-16.9167,145.7667,86.11,66,40,6.91,scattered clouds,2021-10-25 23:15:22
374,Weligama,LK,5.9667,80.4167,77.65,86,98,9.6,moderate rain,2021-10-25 23:18:26
375,Cheney,US,47.4874,-117.5758,57.76,53,40,16.11,scattered clouds,2021-10-25 23:14:05
376,Igrim,RU,63.1906,64.4162,27.01,76,91,6.55,overcast clouds,2021-10-25 23:18:27
377,Mao,ES,39.8885,4.2658,59.56,88,20,6.91,few clouds,2021-10-25 23:11:17
378,Laguna,US,38.421,-121.4238,67.05,58,20,3.0,few clouds,2021-10-25 23:15:17
379,Mugumu,TZ,-1.85,34.7,65.01,54,93,4.32,overcast clouds,2021-10-25 23:15:24
380,Haines Junction,CA,60.7522,-137.5108,30.15,69,100,1.14,overcast clouds,2021-10-25 23:18:28
381,Umrala,IN,21.8333,71.8167,77.95,52,43,4.88,scattered clouds,2021-10-25 23:18:29
382,Broome,US,42.2506,-75.833,65.35,80,20,1.01,few clouds,2021-10-25 23:14:12
383,Mumford,GH,5.2618,-0.759,78.46,88,82,12.55,moderate rain,2021-10-25 23:18:29
384,Sile,TR,41.1754,29.6133,56.57,56,88,1.01,overcast clouds,2021-10-25 23:18:30
385,Matamoros,MX,25.5333,-103.25,91.51,20,75,8.05,broken clouds,2021-10-25 23:18:30
386,Hervey Bay,AU,-25.2986,152.8535,77.04,77,100,8.81,overcast clouds,2021-10-25 23:16:53
387,Sept-Iles,CA,50.2001,-66.3821,45.05,87,1,0.0,clear sky,2021-10-25 23:16:43
388,Axim,GH,4.8699,-2.2405,78.19,87,81,10.16,broken clouds,2021-10-25 23:18:31
389,Baragua,CU,21.6967,-78.6328,79.27,82,92,5.64,overcast clouds,2021-10-25 23:18:31
390,Boa Vista,BR,2.8197,-60.6733,84.18,70,40,6.91,thunderstorm,2021-10-25 23:18:32
391,La Palma,US,33.8464,-118.0467,63.03,92,90,1.01,overcast clouds,2021-10-25 23:17:19
392,Broken Hill,AU,-31.95,141.4333,65.97,19,0,11.43,clear sky,2021-10-25 23:15:45
393,Egvekinot,RU,66.3167,-179.1667,2.57,85,15,5.46,few clouds,2021-10-25 23:16:12
394,Dunedin,NZ,-45.8742,170.5036,58.8,77,100,7.0,overcast clouds,2021-10-25 23:12:09
395,Yingkou,CN,40.6648,122.2283,57.99,84,92,13.8,overcast clouds,2021-10-25 23:18:33
396,Muisne,EC,0.6,-80.0333,76.17,84,87,8.79,overcast clouds,2021-10-25 23:18:34
397,Huarmey,PE,-10.0681,-78.1522,65.84,78,10,7.47,clear sky,2021-10-25 23:18:34
398,Lethem,GY,3.3803,-59.7968,79.0,83,98,7.2,overcast clouds,2021-10-25 23:18:35
399,Westport,US,41.1415,-73.3579,73.17,90,90,1.01,overcast clouds,2021-10-25 23:10:44
400,Beloha,MG,-25.1667,45.05,71.4,93,23,8.3,few clouds,2021-10-25 23:12:10
401,Whitehorse,CA,60.7161,-135.0538,30.97,80,90,8.05,overcast clouds,2021-10-25 23:15:18
402,Kastamonu,TR,41.5,33.6667,33.6,95,5,2.91,clear sky,2021-10-25 23:18:35
403,Abu Dhabi,AE,24.4667,54.3667,80.62,74,0,2.3,clear sky,2021-10-25 23:11:07
404,Henties Bay,NA,-22.116,14.2845,59.86,89,0,2.06,clear sky,2021-10-25 23:14:39
405,Senador Jose Porfirio,BR,-2.5908,-51.9542,80.15,77,72,4.38,broken clouds,2021-10-25 23:18:36
406,Porto Novo,BJ,6.4965,2.6036,80.42,88,75,5.73,broken clouds,2021-10-25 23:15:29
407,Muros,ES,42.7762,-9.0603,60.84,95,2,5.55,clear sky,2021-10-25 23:13:39
408,Karasburg,NA,-28.0167,18.75,67.64,19,43,8.5,scattered clouds,2021-10-25 23:18:37
409,Okha,RU,53.5739,142.9478,38.93,79,12,5.64,few clouds,2021-10-25 23:13:16
410,Ujiie,JP,36.6833,139.9667,58.46,87,100,10.67,overcast clouds,2021-10-25 23:18:37
411,Mindelo,CV,16.8901,-24.9804,78.35,69,75,23.02,broken clouds,2021-10-25 23:18:38
412,Abu Zabad,SD,12.35,29.25,85.95,27,96,5.14,overcast clouds,2021-10-25 23:15:46
413,Nelson Bay,AU,-32.7167,152.15,69.96,69,88,1.01,overcast clouds,2021-10-25 23:13:58
414,Bayog,PH,7.8667,123.0667,78.51,85,80,1.41,broken clouds,2021-10-25 23:18:39
415,Marfino,RU,55.7028,37.3822,32.14,80,0,13.42,clear sky,2021-10-25 23:18:39
416,Camana,PE,-16.6228,-72.7111,63.68,75,27,6.76,scattered clouds,2021-10-25 23:18:40
417,Merritt Island,US,28.5392,-80.672,80.01,87,40,5.75,scattered clouds,2021-10-25 23:16:56
418,Hornepayne,CA,49.2138,-84.7705,36.79,80,90,7.43,overcast clouds,2021-10-25 23:18:40
419,Moscow,RU,55.7522,37.6156,32.43,80,24,11.34,few clouds,2021-10-25 23:16:16
420,Sovetskiy,RU,61.3614,63.5842,26.33,78,34,8.61,scattered clouds,2021-10-25 23:13:26
421,Bartica,GY,6.4,-58.6167,79.12,99,97,2.37,overcast clouds,2021-10-25 23:18:41
422,Dhidhdhoo,MV,6.8833,73.1,81.75,78,96,9.24,overcast clouds,2021-10-25 23:10:39
423,Kurumkan,RU,54.3,110.3,32.88,87,62,4.43,light snow,2021-10-25 23:18:42
424,Hashimoto,JP,34.3167,135.6167,62.51,91,72,0.69,broken clouds,2021-10-25 23:18:43
425,Oktyabrskiy,RU,54.4815,53.471,28.81,79,25,4.61,scattered clouds,2021-10-25 23:15:37
426,Trinidad,BO,-14.8333,-64.9,80.58,61,87,0.0,overcast clouds,2021-10-25 23:18:43
427,Jian,CN,27.1172,114.9793,61.02,78,92,2.3,light rain,2021-10-25 23:14:58
428,Iquitos,PE,-3.7481,-73.2472,84.24,79,75,1.14,moderate rain,2021-10-25 23:14:54
429,Ambilobe,MG,-13.2,49.05,74.01,65,24,6.35,few clouds,2021-10-25 23:18:44
430,Bosaso,SO,11.2842,49.1816,78.71,66,73,4.18,broken clouds,2021-10-25 23:18:45
431,Agadez,NE,19.75,10.25,81.37,13,0,6.02,clear sky,2021-10-25 23:18:45
432,Aykhal,RU,66.0,111.5,11.35,95,89,11.72,overcast clouds,2021-10-25 23:14:17
433,Mukhen,RU,48.1,136.1,43.36,63,15,5.28,few clouds,2021-10-25 23:18:46
434,Palaikastron,GR,35.2,26.25,64.74,60,99,19.91,overcast clouds,2021-10-25 23:18:47
435,Okhotsk,RU,59.3833,143.3,21.09,78,52,8.21,broken clouds,2021-10-25 23:18:47
436,Alice Springs,AU,-23.7,133.8833,81.95,44,8,9.22,clear sky,2021-10-25 23:15:18
437,Stornoway,GB,58.2093,-6.3865,46.92,93,40,8.05,scattered clouds,2021-10-25 23:14:34
438,Xapuri,BR,-10.6517,-68.5044,75.85,89,100,2.93,overcast clouds,2021-10-25 23:18:48
439,Moree,AU,-29.4667,149.85,75.22,20,0,5.75,clear sky,2021-10-25 23:18:48
440,Ornes,NO,66.8689,13.7078,43.84,92,100,7.76,overcast clouds,2021-10-25 23:18:49
441,Puerto Parra,CO,6.6515,-74.0573,79.23,81,19,1.57,few clouds,2021-10-25 23:18:49
442,Waw,SS,7.7029,27.9953,76.46,70,62,4.27,broken clouds,2021-10-25 23:18:50
443,Qui Nhon,VN,13.7667,109.2333,75.99,89,100,17.74,overcast clouds,2021-10-25 23:14:27
444,Omis,HR,43.4447,16.6886,57.76,48,71,4.43,broken clouds,2021-10-25 23:18:51
445,Kaohsiung,TW,22.6163,120.3133,78.1,86,20,4.61,few clouds,2021-10-25 23:18:51
446,Sajanan,TN,37.0573,9.2426,64.67,89,86,10.31,overcast clouds,2021-10-25 23:18:52
447,Gambela,ET,8.25,34.5833,75.0,72,80,4.79,broken clouds,2021-10-25 23:16:53
448,Zhuanghe,CN,39.7008,122.9911,55.72,81,95,6.69,overcast clouds,2021-10-25 23:18:52
449,Hamilton,US,39.1834,-84.5333,54.59,89,90,1.01,overcast clouds,2021-10-25 23:12:52
450,Ust-Nera,RU,64.5667,143.2,6.94,98,98,2.82,overcast clouds,2021-10-25 23:18:53
451,Praia Da Vitoria,PT,38.7333,-27.0667,68.76,81,47,15.9,scattered clouds,2021-10-25 23:12:32
452,Shizunai,JP,42.3339,142.3669,57.43,80,100,8.46,heavy intensity rain,2021-10-25 23:18:53
453,Skibbereen,IE,51.55,-9.2667,51.6,83,100,14.2,overcast clouds,2021-10-25 23:18:54
454,Kuryk,KZ,43.2,51.65,49.08,66,100,19.17,overcast clouds,2021-10-25 23:18:54
455,Kristiansund,NO,63.1115,7.732,47.05,87,75,4.61,broken clouds,2021-10-25 23:18:55
456,Natal,BR,-5.795,-35.2094,81.25,83,75,12.66,broken clouds,2021-10-25 23:18:55
457,Faya,SA,18.3851,42.4509,55.92,74,0,2.39,clear sky,2021-10-25 23:12:18
458,Sakakah,SA,29.9697,40.2064,68.14,28,0,6.82,clear sky,2021-10-25 23:14:38
459,Jumla,NP,29.2747,82.1838,42.98,84,4,3.91,clear sky,2021-10-25 23:11:31
460,Maneadero,MX,31.7167,-116.5667,68.18,74,14,4.0,few clouds,2021-10-25 23:18:56
461,Constitucion,CL,-35.3333,-72.4167,60.04,73,78,17.27,broken clouds,2021-10-25 23:10:54
462,Oyon,PE,-10.6681,-76.7731,50.05,59,61,4.79,broken clouds,2021-10-25 23:18:56
463,Dauphin,CA,51.1494,-100.0502,46.54,61,1,14.97,clear sky,2021-10-25 23:16:26
464,Hay River,CA,60.8156,-115.7999,42.28,82,70,10.31,broken clouds,2021-10-25 23:14:49
465,Neryungri,RU,56.6709,124.6491,22.42,97,98,2.28,overcast clouds,2021-10-25 23:18:57
466,Devonport,AU,-41.1667,146.35,58.01,51,1,4.76,clear sky,2021-10-25 23:18:58
467,Santo Nino,PH,6.435,124.6975,74.91,96,99,1.99,overcast clouds,2021-10-25 23:18:58
468,Matara,LK,5.9485,80.5353,77.18,88,98,9.04,heavy intensity rain,2021-10-25 23:18:58
469,Radcliff,US,37.8404,-85.9491,53.22,97,90,1.99,mist,2021-10-25 23:18:59
470,America Dourada,BR,-11.4553,-41.4361,74.44,73,55,9.42,broken clouds,2021-10-25 23:18:59
471,Nargana,PA,9.4428,-78.5906,81.14,82,94,5.91,overcast clouds,2021-10-25 23:19:00
472,Mattru,SL,7.6244,-11.8332,74.25,96,100,2.26,light rain,2021-10-25 23:19:00
473,Coahuayana,MX,18.7333,-103.6833,85.48,80,100,2.8,overcast clouds,2021-10-25 23:14:52
474,Wenatchee,US,47.4235,-120.3103,57.58,72,75,1.01,broken clouds,2021-10-25 23:19:01
475,Kensington,AU,-33.9167,151.2167,69.96,55,40,6.91,scattered clouds,2021-10-25 23:19:02
476,Vysotsk,RU,60.6288,28.5705,45.72,87,100,15.95,overcast clouds,2021-10-25 23:19:02
477,Casper,US,42.8666,-106.3131,69.01,30,1,18.01,clear sky,2021-10-25 23:10:50
478,Viedma,AR,-40.8135,-62.9967,60.89,32,74,2.21,broken clouds,2021-10-25 23:11:29
479,Zhangye,CN,38.9342,100.4517,41.49,64,97,5.39,overcast clouds,2021-10-25 23:12:08
480,Gumrak,RU,48.7826,44.3824,35.51,60,75,8.95,broken clouds,2021-10-25 23:19:03
481,Carutapera,BR,-1.195,-46.02,80.49,79,42,8.37,scattered clouds,2021-10-25 23:15:16
482,Augusto Correa,BR,-1.0217,-46.635,79.54,81,58,4.81,broken clouds,2021-10-25 23:19:04
483,Zhezkazgan,KZ,47.8043,67.7144,44.62,44,97,4.12,overcast clouds,2021-10-25 23:19:04
484,Aksarka,RU,66.5606,67.7975,14.54,90,89,4.97,overcast clouds,2021-10-25 23:14:55
485,Ketchikan,US,55.3422,-131.6461,48.67,81,90,3.44,light rain,2021-10-25 23:14:36
486,Fatehpur,IN,25.9333,80.8,71.58,67,21,4.34,few clouds,2021-10-25 23:19:05
487,High Level,CA,58.5169,-117.136,39.31,100,90,5.75,light rain,2021-10-25 23:16:59
488,Talara,PE,-4.5772,-81.2719,66.96,82,90,12.66,overcast clouds,2021-10-25 23:14:08
489,Paciran,ID,-6.8767,112.3761,80.62,76,59,5.01,broken clouds,2021-10-25 23:19:06
490,Avera,US,33.194,-82.5271,76.71,83,58,7.52,broken clouds,2021-10-25 23:16:39
491,Esso,RU,55.9333,158.7,29.73,94,96,4.59,light snow,2021-10-25 23:19:06
492,Sai Buri,TH,6.7013,101.6168,76.51,88,95,3.15,overcast clouds,2021-10-25 23:19:07
493,La Ronge,CA,55.1001,-105.2842,43.05,65,90,17.27,overcast clouds,2021-10-25 23:15:21
494,Le Moule,GP,16.3332,-61.3473,78.84,100,1,12.97,clear sky,2021-10-25 23:19:08
495,Ovsyanka,RU,55.9575,92.5519,45.57,78,81,10.0,broken clouds,2021-10-25 23:19:08
496,Tual,ID,-5.6667,132.75,83.19,74,39,7.31,scattered clouds,2021-10-25 23:08:09
497,Bilibino,RU,68.0546,166.4372,-12.62,94,98,2.19,overcast clouds,2021-10-25 23:14:10
498,Gloversville,US,43.0528,-74.3438,53.94,93,90,6.91,overcast clouds,2021-10-25 23:19:09
499,Lahat,ID,-3.8,103.5333,71.96,96,97,2.39,overcast clouds,2021-10-25 23:19:10
500,Port Macquarie,AU,-31.4333,152.9167,72.9,58,42,7.18,scattered clouds,2021-10-25 23:16:29
501,Wana,PK,32.2989,69.5725,54.66,54,7,4.52,clear sky,2021-10-25 23:19:11
502,Morgan City,US,29.6994,-91.2068,86.0,72,32,5.3,scattered clouds,2021-10-25 23:19:11
503,Mackenzie,CA,55.2999,-123.1698,42.08,93,100,1.63,overcast clouds,2021-10-25 23:14:49
504,Borovskoy,KZ,53.8,64.15,39.61,82,100,14.85,overcast clouds,2021-10-25 23:19:12
505,Miri,MY,4.4148,114.0089,77.14,100,40,0.0,scattered clouds,2021-10-25 23:19:12
506,North Platte,US,41.1239,-100.7654,51.69,62,1,10.36,clear sky,2021-10-25 23:14:21
507,Urucui,BR,-7.2294,-44.5561,83.39,61,61,1.32,broken clouds,2021-10-25 23:19:13
508,Manakara,MG,-22.1333,48.0167,70.5,94,4,4.83,clear sky,2021-10-25 23:19:13
509,Lundamo,NO,63.1333,10.3,41.68,96,100,3.47,overcast clouds,2021-10-25 23:19:14
510,Tias,ES,28.9611,-13.645,67.75,78,20,6.91,few clouds,2021-10-25 23:19:14
511,Yemelyanovo,RU,56.1681,92.6767,45.41,61,0,11.18,clear sky,2021-10-25 23:19:15
512,Pangnirtung,CA,66.1451,-65.7125,22.55,59,51,2.21,broken clouds,2021-10-25 23:10:58
513,Guanaja,HN,16.4,-85.9,87.85,83,7,21.56,clear sky,2021-10-25 23:19:15
514,Sandwick,GB,60.0,-1.25,49.82,71,40,23.02,scattered clouds,2021-10-25 23:19:16
515,Gulbene,LV,57.1777,26.7529,38.34,76,100,8.52,overcast clouds,2021-10-25 23:19:16
516,San Carlos De Bariloche,AR,-41.1456,-71.3082,51.55,66,75,21.85,broken clouds,2021-10-25 23:19:17
517,Bethanien,NA,-26.502,17.1583,65.62,26,0,4.34,clear sky,2021-10-25 23:19:18
518,Kitui,KE,-1.367,38.0106,66.04,86,38,5.84,scattered clouds,2021-10-25 23:19:18
519,Glenwood Springs,US,39.5505,-107.3248,78.6,24,30,12.64,scattered clouds,2021-10-25 23:19:18
520,College,US,64.8569,-147.8028,30.58,91,90,0.0,overcast clouds,2021-10-25 23:11:23
521,Port Shepstone,ZA,-30.7414,30.455,64.08,89,100,13.0,light rain,2021-10-25 23:15:53
522,Vilcun,CL,-38.65,-72.2333,52.54,86,87,3.38,overcast clouds,2021-10-25 23:19:19
523,Klaksvik,FO,62.2266,-6.589,43.72,78,100,11.1,overcast clouds,2021-10-25 23:16:21
524,Noumea,NC,-22.2763,166.4572,80.58,99,2,10.22,clear sky,2021-10-25 23:14:15
525,Nyimba,ZM,-14.5566,30.8149,78.49,43,3,7.31,clear sky,2021-10-25 23:19:20
526,Kokopo,PG,-4.352,152.2633,83.73,67,54,3.98,broken clouds,2021-10-25 23:19:20
527,Flinders,AU,-34.5833,150.8552,68.81,58,2,1.01,clear sky,2021-10-25 23:16:07
528,Kimbe,PG,-5.5502,150.1429,86.5,65,33,1.41,scattered clouds,2021-10-25 23:19:21
529,Romitan,UZ,39.9343,64.3814,44.55,61,0,4.61,clear sky,2021-10-25 23:19:21
530,Rangpo,IN,27.1833,88.5333,60.94,84,0,5.48,clear sky,2021-10-25 23:19:22
531,Tongliao,CN,43.6125,122.2653,44.42,42,46,8.75,scattered clouds,2021-10-25 23:18:36
532,Upington,ZA,-28.4478,21.2561,64.78,48,0,4.61,clear sky,2021-10-25 23:19:22
533,Ouargaye,BF,11.5033,0.0572,83.23,43,33,4.92,scattered clouds,2021-10-25 23:19:23
534,Heze,CN,35.2431,115.4411,53.89,75,94,7.0,overcast clouds,2021-10-25 23:19:23
535,Dudingen,CH,46.8492,7.1885,50.05,86,27,2.95,scattered clouds,2021-10-25 23:19:24
536,Nijar,ES,36.9665,-2.206,61.65,72,0,3.44,clear sky,2021-10-25 23:19:24
537,Sfantu Gheorghe,RO,45.8667,25.7833,32.94,77,0,3.87,clear sky,2021-10-25 23:19:25
538,Tahta,EG,26.7693,31.5021,69.42,49,0,7.94,clear sky,2021-10-25 23:19:25
539,Lagoa,PT,39.05,-27.9833,67.33,73,2,12.75,clear sky,2021-10-25 23:10:53
540,Bereda,ES,43.2686,-7.5406,48.58,100,16,1.3,few clouds,2021-10-25 23:19:26
541,Huinan,CN,42.6225,126.2614,45.75,81,90,7.61,overcast clouds,2021-10-25 23:19:26
542,Hohhot,CN,40.8106,111.6522,30.49,64,0,2.24,clear sky,2021-10-25 23:19:27
543,Santiago,CL,-33.4569,-70.6483,83.64,19,0,4.61,clear sky,2021-10-25 23:18:17
544,Chase,CA,50.8165,-119.6857,58.75,74,89,5.03,overcast clouds,2021-10-25 23:19:27
545,Mbaiki,CF,3.8678,17.9892,70.23,87,62,0.2,broken clouds,2021-10-25 23:19:28
546,Kuminskiy,RU,58.6667,66.5667,29.26,94,100,11.56,light snow,2021-10-25 23:19:28
547,Alofi,NU,-19.0595,-169.9187,82.29,65,75,14.97,broken clouds,2021-10-25 23:10:34
548,Port-Gentil,GA,-0.7193,8.7815,75.6,93,100,8.32,moderate rain,2021-10-25 23:17:50
549,Oranjemund,NA,-28.55,16.4333,58.26,90,76,5.37,broken clouds,2021-10-25 23:19:29
550,Saint-Pierre,RE,-21.3393,55.4781,71.28,70,20,3.44,few clouds,2021-10-25 23:14:25
551,Belomorsk,RU,64.5232,34.7668,29.93,98,100,4.27,light snow,2021-10-25 23:19:30
552,Mahibadhoo,MV,3.7833,72.9667,81.01,80,100,16.44,moderate rain,2021-10-25 23:13:36
553,Monte Alegre De Sergipe,BR,-10.0272,-37.5622,74.91,73,5,14.97,clear sky,2021-10-25 23:19:31
554,Kudahuvadhoo,MV,2.6708,72.8944,82.74,75,98,15.86,light rain,2021-10-25 23:19:31
555,Virginia Beach,US,36.8529,-75.978,71.02,93,100,14.41,overcast clouds,2021-10-25 23:15:55
556,Tazovskiy,RU,67.4667,78.7,14.9,91,31,8.97,scattered clouds,2021-10-25 23:15:04
557,Miastko,PL,54.0028,16.9826,41.56,78,100,6.55,overcast clouds,2021-10-25 23:19:32
558,Baykit,RU,61.67,96.37,25.61,87,99,7.23,overcast clouds,2021-10-25 23:15:51
559,Azul,AR,-36.777,-59.8585,64.74,59,62,6.89,broken clouds,2021-10-25 23:16:19
560,Touho,NC,-20.7833,165.2333,75.09,71,11,12.86,few clouds,2021-10-25 23:19:33
561,Seoni Malwa,IN,22.45,77.4667,66.97,70,5,2.04,clear sky,2021-10-25 23:19:33
562,Araouane,ML,18.9048,-3.5265,86.58,20,4,10.67,clear sky,2021-10-25 23:12:23
563,Nalut,LY,30.3333,10.85,64.87,46,4,7.43,clear sky,2021-10-25 23:13:03
564,Samaro,PK,25.2815,69.3965,76.44,37,2,7.27,clear sky,2021-10-25 23:19:34
565,Novyy Urengoy,RU,66.0833,76.6333,21.29,93,78,6.58,broken clouds,2021-10-25 23:17:53
566,Salalah,OM,17.0151,54.0924,73.49,78,0,3.44,clear sky,2021-10-25 23:11:58
567,Giddalur,IN,15.35,78.9167,70.5,76,41,3.2,scattered clouds,2021-10-25 23:19:35
568,Kaeo,NZ,-35.1,173.7833,69.51,57,43,6.51,scattered clouds,2021-10-25 23:16:36
569,Grand Gaube,MU,-20.0064,57.6608,72.0,80,8,4.0,clear sky,2021-10-25 23:15:32
570,Jieshi,CN,22.8134,115.8257,70.95,74,100,13.06,overcast clouds,2021-10-25 23:19:35
571,Alipur,PK,29.3846,70.9116,67.95,47,0,1.45,clear sky,2021-10-25 23:19:36
572,Mehran,IR,33.1222,46.1646,68.74,17,0,6.51,clear sky,2021-10-25 23:13:45
573,Cascas,PE,-7.4833,-78.8167,71.38,63,93,3.98,overcast clouds,2021-10-25 23:19:36
574,Verkhoyansk,RU,67.5447,133.385,-7.83,100,76,1.72,broken clouds,2021-10-25 23:19:37
575,Jiuquan,CN,39.7432,98.5174,43.12,60,100,8.19,overcast clouds,2021-10-25 23:19:38
576,Aizpute,LV,56.7167,21.6,47.43,81,100,8.16,overcast clouds,2021-10-25 23:19:38
577,Mahon,ES,39.8885,4.2658,59.56,88,0,6.91,clear sky,2021-10-25 23:19:38
578,Sinnar,SD,13.5691,33.5672,90.07,31,95,7.7,overcast clouds,2021-10-25 23:19:39
579,Naron,ES,43.5167,-8.1528,57.04,85,15,4.03,few clouds,2021-10-25 23:19:39
580,Trelew,AR,-43.249,-65.3051,66.02,27,87,20.98,overcast clouds,2021-10-25 23:19:40
581,Chifeng,CN,42.2683,118.9636,43.43,42,7,6.33,clear sky,2021-10-25 23:15:45
582,Novi Troyany,UA,45.9427,28.8563,39.47,74,0,4.21,clear sky,2021-10-25 23:19:40
583,Mount Gambier,AU,-37.8333,140.7667,54.99,54,45,6.31,scattered clouds,2021-10-25 23:12:36
584,Kieta,PG,-6.2167,155.6333,85.62,66,28,2.68,scattered clouds,2021-10-25 23:12:42
585,Lata,PT,40.1629,-8.3327,58.82,93,0,3.15,clear sky,2021-10-25 23:13:33
586,Abilene,US,32.4487,-99.7331,91.45,34,1,1.01,clear sky,2021-10-25 23:19:41
587,Ystad,SE,55.4297,13.8204,50.74,90,95,12.3,overcast clouds,2021-10-25 23:19:42
588,At-Bashi,KG,41.1702,75.8106,27.86,66,7,3.8,clear sky,2021-10-25 23:19:42
589,Ozernovskiy,RU,51.5,156.5167,42.8,81,27,16.26,scattered clouds,2021-10-25 23:19:43
590,Rawson,AR,-43.3002,-65.1023,64.26,33,89,18.45,overcast clouds,2021-10-25 23:19:43
591,Tshikapa,CD,-6.4167,20.8,70.56,91,98,1.57,overcast clouds,2021-10-25 23:19:44
592,Honningsvag,NO,70.9821,25.9704,34.5,77,91,24.47,overcast clouds,2021-10-25 23:19:44
593,Vacaria,BR,-28.5122,-50.9339,54.55,83,0,1.92,clear sky,2021-10-25 23:19:44
594,Balkanabat,TM,39.5108,54.3671,56.66,60,61,8.37,broken clouds,2021-10-25 23:19:45
595,Saurimo,AO,-9.6608,20.3916,64.02,93,38,1.14,scattered clouds,2021-10-25 23:19:45
596,Korla,CN,41.7597,86.1469,46.38,44,0,3.24,clear sky,2021-10-25 23:19:45
597,Baghdad,IQ,33.3406,44.4009,60.71,48,0,2.3,clear sky,2021-10-25 23:13:07
598,Harrismith,ZA,-28.2728,29.1295,50.18,95,100,4.34,overcast clouds,2021-10-25 23:19:46
599,Hofn,IS,64.2539,-15.2082,40.71,71,100,4.76,overcast clouds,2021-10-25 23:14:47
600,Harbour Breton,CA,47.4833,-55.7983,46.0,63,97,6.42,overcast clouds,2021-10-25 23:19:47
601,Puga,MX,21.5833,-104.8167,86.07,51,90,0.0,overcast clouds,2021-10-25 23:19:47
602,Hualmay,PE,-11.0964,-77.6139,64.15,80,37,10.4,scattered clouds,2021-10-25 23:11:06
603,Meulaboh,ID,4.1363,96.1285,74.66,90,97,3.83,overcast clouds,2021-10-25 23:10:55
604,Kaitangata,NZ,-46.2817,169.8464,56.08,80,100,6.85,overcast clouds,2021-10-25 23:06:34
605,Yumen,CN,40.2833,97.2,37.49,53,20,3.94,few clouds,2021-10-25 23:19:48
606,Koygorodok,RU,60.445,50.9968,27.99,77,94,4.45,overcast clouds,2021-10-25 23:19:48
607,Deputatskiy,RU,69.3,139.9,-2.25,99,99,1.5,overcast clouds,2021-10-25 23:13:02
608,Byron Bay,AU,-28.65,153.6167,74.71,66,95,11.63,overcast clouds,2021-10-25 23:11:36
609,Kilindoni,TZ,-7.9139,39.6668,78.69,82,73,9.69,broken clouds,2021-10-25 23:13:18
610,Teya,RU,60.3778,92.6267,27.81,81,99,8.37,overcast clouds,2021-10-25 23:19:49
611,Saint Anthony,US,45.0205,-93.218,51.93,48,1,1.01,clear sky,2021-10-25 23:10:22
612,Xinmin,CN,41.9908,122.8253,55.29,92,64,7.45,broken clouds,2021-10-25 23:19:50
613,Vanimo,PG,-2.6741,141.3028,81.99,76,38,5.28,scattered clouds,2021-10-25 23:19:50
614,Sorland,NO,67.667,12.6934,47.79,94,100,22.3,light rain,2021-10-25 23:19:51
615,Wamba,NG,8.9333,8.6,76.28,79,53,3.15,broken clouds,2021-10-25 23:19:51
616,Fort Nelson,CA,58.8053,-122.7002,29.79,100,90,2.3,light snow,2021-10-25 23:19:51
617,Martapura,ID,-3.4167,114.85,75.29,100,20,2.3,fog,2021-10-25 23:19:52
618,Richards Bay,ZA,-28.783,32.0377,63.32,95,100,0.65,moderate rain,2021-10-25 23:19:52
619,Toppenish,US,46.3774,-120.3087,61.86,64,81,13.62,broken clouds,2021-10-25 23:19:53
620,Sulangan,PH,11.1373,123.7228,81.79,80,85,13.76,overcast clouds,2021-10-25 23:19:54
621,Kirakira,SB,-10.4544,161.9205,85.91,67,19,10.69,few clouds,2021-10-25 23:12:56
622,Qasigiannguit,GL,68.8193,-51.1922,10.65,81,1,3.76,clear sky,2021-10-25 23:19:54
623,Codrington,AU,-38.2667,141.9667,53.76,60,35,9.17,scattered clouds,2021-10-25 23:16:06
624,Victor Harbor,AU,-35.5667,138.6167,72.72,34,21,11.72,few clouds,2021-10-25 23:19:55
625,Wilmington,US,34.2257,-77.9447,71.85,83,40,0.0,scattered clouds,2021-10-25 23:16:50
626,North Bend,US,43.4065,-124.2243,55.85,97,90,12.66,mist,2021-10-25 23:11:46
627,Saveh,IR,35.0213,50.3566,56.59,30,0,2.01,clear sky,2021-10-25 23:19:56
628,Safaga,EG,26.7292,33.9365,75.06,53,0,12.5,clear sky,2021-10-25 23:19:56
629,Visnes,NO,59.3556,5.2242,51.22,81,40,12.66,scattered clouds,2021-10-25 23:19:57
630,Manzhouli,CN,49.6,117.4333,30.56,81,5,18.52,clear sky,2021-10-25 23:19:26
631,Honiara,SB,-9.4333,159.95,86.52,67,23,5.93,few clouds,2021-10-25 23:14:31
632,Tawang,IN,27.5833,91.8667,39.33,82,15,5.17,few clouds,2021-10-25 23:19:57
633,Alugan,PH,12.2188,125.4808,80.78,81,99,9.28,light rain,2021-10-25 23:19:58
634,Teguldet,RU,57.3064,88.1667,34.57,87,98,2.33,overcast clouds,2021-10-25 23:12:34
635,Bukama,CD,-9.2,25.85,69.17,90,100,3.31,overcast clouds,2021-10-25 23:11:36
636,Anshan,CN,41.1236,122.99,53.4,75,89,10.09,overcast clouds,2021-10-25 23:19:58
637,Marang,MY,5.2056,103.2059,76.91,88,60,3.78,broken clouds,2021-10-25 23:19:59
638,Nome,US,64.5011,-165.4064,27.16,69,90,13.8,overcast clouds,2021-10-25 23:14:15
639,Krasnoarmeysk,RU,51.0239,45.6969,31.3,73,55,6.42,broken clouds,2021-10-25 23:19:59
640,Maturin,VE,9.75,-63.1767,73.69,96,100,4.59,overcast clouds,2021-10-25 23:20:00
641,Kloulklubed,PW,7.0419,134.2556,84.7,62,28,8.52,scattered clouds,2021-10-25 23:20:00
642,Waingapu,ID,-9.6567,120.2641,81.43,74,84,3.02,broken clouds,2021-10-25 23:20:01
643,Poputnaya,RU,44.5125,41.4392,32.49,85,13,3.94,few clouds,2021-10-25 23:20:02
644,Garowe,SO,8.4054,48.4845,72.39,81,53,9.73,broken clouds,2021-10-25 23:10:42
645,Dosso,NE,13.049,3.1937,84.0,20,24,6.17,few clouds,2021-10-25 23:20:03
646,Shetpe,KZ,44.1667,52.1167,46.04,63,100,18.41,light rain,2021-10-25 23:20:04
647,Aranos,NA,-24.1333,19.1167,69.33,23,0,6.87,clear sky,2021-10-25 23:20:05
648,Zacualpan,MX,21.25,-105.1667,94.62,77,100,1.28,overcast clouds,2021-10-25 23:20:06
649,Narasannapeta,IN,18.4167,84.05,71.74,81,1,4.38,clear sky,2021-10-25 23:20:06
650,Grand Forks,US,47.9417,-97.4337,48.78,46,40,13.8,scattered clouds,2021-10-25 23:15:48
651,Sabinopolis,BR,-18.6661,-43.0839,68.67,97,99,6.98,overcast clouds,2021-10-25 23:20:07
652,Colac,AU,-38.3333,143.5833,57.15,63,6,4.94,clear sky,2021-10-25 23:16:00
653,Phuntsholing,BT,26.8516,89.3884,65.64,72,0,6.13,clear sky,2021-10-25 23:20:08
654,Nioro,GM,13.35,-15.75,79.56,78,100,3.87,overcast clouds,2021-10-25 23:13:28
655,Dandong,CN,40.1292,124.3947,49.64,84,88,5.44,overcast clouds,2021-10-25 23:12:53
656,Sorong,ID,-0.8833,131.25,80.56,80,64,7.16,broken clouds,2021-10-25 23:14:41
657,Narva-Joesuu,EE,59.4589,28.0408,41.63,81,76,12.97,broken clouds,2021-10-25 23:20:09
658,Muncar,ID,-8.4333,114.3333,77.88,80,50,1.86,scattered clouds,2021-10-25 23:20:09
659,Lima,PE,-12.0432,-77.0282,66.9,76,90,8.05,overcast clouds,2021-10-25 23:16:54
660,Kushima,JP,31.4583,131.2333,59.67,85,4,3.58,clear sky,2021-10-25 23:13:08
661,Lengshuijiang,CN,27.6881,111.4294,59.25,81,98,0.87,overcast clouds,2021-10-25 23:20:10
662,Mercedes,AR,-34.6515,-59.4307,76.17,48,18,6.17,few clouds,2021-10-25 23:20:11
663,Wad Madani,SD,14.4012,33.5199,91.71,24,98,1.74,overcast clouds,2021-10-25 23:13:21
664,Boende,CD,-0.2167,20.8667,71.76,90,58,1.45,broken clouds,2021-10-25 23:20:11
665,Joshimath,IN,30.5667,79.5667,49.14,32,0,6.62,clear sky,2021-10-25 23:19:21
666,Rio Grande,BR,-32.035,-52.0986,73.51,77,0,9.17,clear sky,2021-10-25 23:06:33
667,Dongsheng,CN,39.8161,109.9776,37.65,45,86,9.57,overcast clouds,2021-10-25 23:20:12
668,Touros,BR,-5.1989,-35.4608,81.5,73,3,16.31,clear sky,2021-10-25 23:08:09
669,Rocha,UY,-34.4833,-54.3333,57.94,80,0,5.46,clear sky,2021-10-25 23:14:33
670,Bardiyah,LY,31.7561,25.0865,70.0,76,57,12.24,broken clouds,2021-10-25 23:20:13
671,Kalmunai,LK,7.4167,81.8167,78.1,84,96,6.67,moderate rain,2021-10-25 23:18:33
672,Atbasar,KZ,51.8,68.3333,48.15,45,100,13.98,overcast clouds,2021-10-25 23:20:13
673,Talcahuano,CL,-36.7167,-73.1167,60.48,72,0,17.27,clear sky,2021-10-25 23:20:14
674,Nanakuli,US,21.3906,-158.1547,85.95,52,75,9.22,broken clouds,2021-10-25 23:20:14
675,Naze,JP,28.3667,129.4833,70.72,63,0,9.53,clear sky,2021-10-25 23:20:15
676,Povenets,RU,62.8487,34.8262,39.29,96,100,7.14,overcast clouds,2021-10-25 23:20:15
677,Mongo,TD,12.1844,18.693,85.42,34,37,3.33,scattered clouds,2021-10-25 23:20:16
678,Yarada,IN,17.65,83.2667,77.32,88,40,2.3,mist,2021-10-25 23:20:16
679,Iracoubo,GF,5.4802,-53.2011,77.36,90,100,9.19,overcast clouds,2021-10-25 23:14:36
680,Gualeguaychu,AR,-33.0094,-58.5172,76.89,51,0,8.16,clear sky,2021-10-25 23:20:17
681,Pokhara,NP,28.2333,83.9833,59.09,59,6,6.78,clear sky,2021-10-25 23:20:17
682,Quijingue,BR,-10.7525,-39.2092,78.06,62,57,12.53,broken clouds,2021-10-25 23:20:18
683,Waipawa,NZ,-41.4122,175.5153,63.3,53,13,7.99,few clouds,2021-10-25 23:12:50
684,Fuzhou,CN,26.0614,119.3061,66.09,82,98,2.66,overcast clouds,2021-10-25 23:20:19
